,avg_rss12_mean,avg_rss12_std,avg_rss12_min,avg_rss12_q1,avg_rss12_median,avg_rss12_q3,avg_rss12_max,var_rss12_mean,var_rss12_std,var_rss12_min,var_rss12_q1,var_rss12_median,var_rss12_q3,var_rss12_max,avg_rss13_mean,avg_rss13_std,avg_rss13_min,avg_rss13_q1,avg_rss13_median,avg_rss13_q3,avg_rss13_max,var_rss13_mean,var_rss13_std,var_rss13_min,var_rss13_q1,var_rss13_median,var_rss13_q3,var_rss13_max,avg_rss23_mean,avg_rss23_std,avg_rss23_min,avg_rss23_q1,avg_rss23_median,avg_rss23_q3,avg_rss23_max,var_rss23_mean,var_rss23_std,var_rss23_min,var_rss23_q1,var_rss23_median,var_rss23_q3,var_rss23_max
b1_1,40.62479166666665,1.4769669162668118,37.25,39.25,40.5,42.0,45.0,0.35860416666666745,0.3226047588966564,0.0,0.0,0.43,0.5,1.3,19.0409375,4.46295198891673,4.0,16.0,19.25,23.25,29.5,0.8325416666666676,0.9656588815438516,0.0,0.0,0.5,1.12,7.23,34.31129166666666,2.1884486069244624,27.25,33.0,35.0,36.0,38.25,0.5705833333333344,0.5829154940538757,0.0,0.0,0.43,1.3,1.92
b1_2,42.812812499999986,1.4355499139997019,38.0,42.0,42.5,43.67,45.67,0.3724375000000009,0.2891584800170346,0.0,0.0,0.47,0.5,1.22,20.096979166666664,3.893736718925447,2.0,19.0,21.0,22.25,29.5,0.8764375000000018,1.0472586822993426,0.0,0.0,0.5,1.145,5.76,33.02458333333333,1.9952545563428268,27.67,32.0,33.0,34.5,38.5,0.5710833333333343,0.6010096527048443,0.0,0.0,0.43,1.3,3.11
b1_3,43.95449999999998,1.558835066353028,35.0,43.0,44.33,45.0,47.4,0.4262500000000008,0.33869037350107334,0.0,0.0,0.47,0.5,1.7,22.122354166666664,3.0309428037022657,6.5,19.75,23.0,24.0,29.75,0.49731250000000127,0.5506572901546093,0.0,0.0,0.43,0.83,4.44,35.58845833333335,1.9996040626699223,29.0,35.3625,36.0,36.5,38.5,0.4932916666666676,0.5135061012349963,0.0,0.0,0.43,0.94,1.79
b1_4,42.17981250000002,3.670665660998427,33.0,39.150000000000006,43.5,45.0,47.75,0.6960416666666683,0.630860298658193,0.0,0.0,0.5,1.12,3.0,22.183625,3.81046934147179,8.5,20.5,23.0,24.3725,30.0,0.9899166666666691,0.9537303933435255,0.0,0.43,0.83,1.3,5.15,33.493916666666664,3.8494478189457717,20.0,30.4575,35.0,36.33,38.67,0.6135208333333356,0.5243171317817953,0.0,0.0,0.5,1.0,2.18
b1_5,41.6780625,2.2434900014223933,33.0,41.33,41.75,42.75,45.75,0.5359791666666676,0.40546872227401004,0.0,0.43,0.5,0.71,2.83,19.006562499999998,4.087106879865339,3.0,16.5,19.125,22.0625,28.25,0.8418750000000013,0.9288007313404859,0.0,0.43,0.5,1.12,6.42,29.857083333333332,2.4110263914491896,23.67,28.4575,30.0,31.25,37.5,0.38329166666666775,0.38916429696825316,0.0,0.0,0.43,0.5,1.79
b1_6,43.45495833333334,1.3860978398519737,37.0,42.5,43.25,45.0,48.0,0.37808333333333416,0.31556635194105126,0.0,0.0,0.47,0.5,1.58,15.793333333333333,3.8476376361687574,5.75,13.0,15.0,18.27,27.0,0.8493541666666686,0.9957614765321261,0.0,0.43,0.5,1.12,10.03,23.034791666666667,2.4888622796595348,8.0,22.25,23.5,24.0,33.5,0.6796458333333354,0.6225337810449345,0.0,0.43,0.5,0.87,5.26
b1_7,43.96912499999999,1.618363585278194,36.25,43.31,44.5,44.67,48.0,0.41312500000000085,0.2631109551862858,0.0,0.43,0.47,0.5,1.5,15.868020833333334,3.7424202086823684,1.5,14.25,16.25,18.0,26.33,0.6663541666666685,0.7889846012606584,0.0,0.0,0.47,0.94,5.17,22.10375,3.318301138020592,11.33,20.5,21.67,23.75,30.75,0.5553125000000018,0.48782623177856416,0.0,0.0,0.49,0.83,2.96
b2_1,24.56295833333333,3.737514105563106,12.75,23.1875,24.25,26.5,51.0,0.5908333333333353,0.8374081031645524,0.0,0.0,0.43,0.71,6.87,19.121333333333336,4.299612437422581,0.0,18.0,20.25,22.0,25.33,0.7367708333333347,0.9270476346406529,0.0,0.0,0.47,0.87,6.76,23.493041666666663,3.6937857760608344,10.67,20.5,23.75,27.0,30.0,0.7001875000000012,0.6937199400096663,0.0,0.43,0.5,0.87,4.97
b2_2,27.464604166666664,3.5835822937296276,0.0,25.5,28.0,30.0,42.75,0.44970833333333354,0.7671966690159701,0.0,0.0,0.43,0.5,7.76,20.842541666666666,3.826268261410999,7.5,18.0,20.75,22.5,35.0,0.7799166666666679,0.9044358287940623,0.0,0.0,0.5,0.94,5.76,17.617937499999996,5.053641911758886,0.0,15.0,18.0,20.75,33.0,1.1221250000000016,1.0123418276410636,0.0,0.47,0.83,1.3,6.76
b2_3,32.58620833333333,6.238143308694096,21.0,26.1875,33.0,34.5,50.0,0.5161250000000009,0.7899570460825918,0.0,0.0,0.43,0.8225,9.9,13.941624999999997,5.883266339678228,0.0,10.0,14.25,18.0,28.25,0.8688958333333346,1.0270127290851134,0.0,0.43,0.5,1.12,7.4,20.34570833333333,5.032424252830164,5.0,17.67,19.585,23.5,33.75,1.1620416666666686,1.3329799281555914,0.0,0.47,0.83,1.3,13.61
b2_4,32.5,0.0,32.5,32.5,32.5,32.5,32.5,0.5,0.0,0.5,0.5,0.5,0.5,0.5,0.0,0.0,0.0,0.0,0.0,0.0,0.0,0.0,0.0,0.0,0.0,0.0,0.0,0.0,19.0,0.0,19.0,19.0,19.0,19.0,19.0,1.0,0.0,1.0,1.0,1.0,1.0,1.0
b2_5,30.93810416666667,7.684145836290816,19.0,26.75,29.0,38.0,45.5,0.4671666666666672,0.7344444546214146,0.0,0.0,0.43,0.5,6.4,14.589833333333333,7.638935151155752,0.0,9.6875,15.75,20.69,32.75,0.777541666666668,1.0141019239937068,0.0,0.0,0.47,1.12,11.42,18.38908333333333,5.845911226863868,1.67,15.0,17.5,20.8125,36.0,1.1073541666666684,1.0808418390239565,0.0,0.47,0.83,1.3,6.73
b2_6,31.058249999999997,4.829794432361753,25.0,27.5,29.71,31.8125,47.5,0.4054583333333343,0.5666679136463396,0.0,0.0,0.43,0.5,6.38,15.296666666666665,4.841974887092799,2.0,13.0,15.0,17.75,28.33,0.8235416666666676,0.9022479224139838,0.0,0.0,0.5,1.12,5.32,14.4071875,7.853426748722305,0.0,9.0,13.0,18.3125,40.33,1.0981041666666689,0.8314802741671968,0.0,0.5,0.94,1.3,4.92
cy_1,37.17704166666666,3.5813010660968514,24.25,34.5,36.25,40.25,45.0,2.3742083333333324,1.6017992878617135,0.0,1.3,1.92,3.13,8.58,16.531083333333335,3.430906450846584,5.5,14.25,16.67,19.0,26.75,2.910604166666665,1.6001370797174124,0.0,1.64,2.62,3.9175,8.05,19.607250000000004,2.890347253230807,7.0,17.95,20.0,21.75,25.5,2.921729166666664,1.852599969997402,0.0,1.5,2.5,3.9,9.34
cy_2,37.561187500000024,3.226506938027219,28.75,35.25,36.875,40.25,44.75,2.0806875000000002,1.6392576054816508,0.0,1.12,1.7,2.87,9.91,16.567041666666665,3.691401225080162,6.5,14.0,17.0,19.5,24.67,3.033874999999999,1.6254145400269762,0.0,1.79,2.95,4.03,8.32,19.518895833333332,2.7273769066259974,10.5,18.0,20.0,21.5,24.33,2.765895833333333,1.7692025584075215,0.0,1.41,2.45,3.77,9.62
cy_3,37.058708333333335,3.710179699311478,22.0,34.5,36.0,40.0625,44.67,2.4381458333333326,1.9968872696855713,0.0,1.25,1.92,3.35,14.17,16.388312499999998,3.5379503322540944,6.33,13.75,16.5,19.0,24.0,2.9806875000000006,1.6120585998281054,0.0,1.79,2.86,4.0,9.74,18.125958333333333,3.5371438412345984,7.5,16.0,18.875,21.0,24.25,2.983749999999999,1.8157297226975344,0.0,1.5,2.57,4.15,8.55
cy_4,36.228395833333316,3.5286168802021756,19.0,34.0,36.0,39.0,44.0,2.831687499999997,1.8866893014203339,0.0,1.5,2.285,3.8449999999999998,12.28,15.424500000000002,3.2498343237039022,5.5,13.33,15.25,17.5,25.25,3.1191249999999986,1.6835132221966842,0.0,1.79,2.94,4.217499999999999,9.5,15.872374999999998,3.1666545153229846,2.5,14.0,16.0,18.0625,24.5,3.4806874999999957,1.827769025304975,0.0,2.1025,3.34,4.55,9.98
cy_5,36.68729166666666,3.5294041555847047,26.5,34.25,36.0,39.3725,44.33,2.9730416666666644,2.0739025365327275,0.0,1.41,2.36,4.262499999999999,12.89,18.39679166666667,3.771097883467691,8.33,15.67,18.0,20.75,28.25,2.976604166666667,1.861730156314391,0.0,1.48,2.685,4.09,9.63,16.48,2.9782376989138597,3.0,14.67,16.75,18.5,24.67,3.0733124999999952,1.6296748610265177,0.0,1.9124999999999999,2.69,4.0875,8.19
cy_6,37.1143125,3.71038461818647,25.33,34.5,36.25,40.25,45.0,2.7299999999999986,1.9243659042946304,0.0,1.3,2.24,3.7175000000000002,10.84,16.66391666666667,3.612220685553591,3.0,14.25,16.67,18.8125,27.25,3.138541666666664,1.8476803598695677,0.0,1.79,2.87,4.11,10.57,16.48754166666667,2.8478760716270393,6.75,14.75,16.67,18.5,23.33,3.076354166666665,1.8245342127542556,0.0,1.7,2.77,4.0375,9.5
cy_7,36.863375,3.555786994948472,26.75,34.5,36.33,39.75,44.75,2.757312499999998,2.115957678186599,0.0,1.22,2.23,4.0225,11.68,16.494750000000003,3.588182520383051,7.0,14.0,16.0,19.0,27.0,3.013604166666663,1.7745307032238307,0.0,1.56,2.86,4.0675,9.01,16.581145833333334,2.6559055675416396,8.0,15.0,16.75,18.67,23.0,2.7733124999999985,1.5699188396538877,0.0,1.64,2.59,3.6325000000000003,8.81
cy_8,36.95745833333332,3.4348626794462622,26.25,34.5,36.29,40.25,44.25,2.4200833333333316,1.724901374849458,0.0,1.25,2.05,3.35,8.64,15.313416666666667,3.034030094638235,7.0,13.25,15.25,17.33,26.5,2.7841458333333318,1.542971572340688,0.0,1.58,2.565,3.77,8.06,15.989166666666666,2.8516731588927975,2.0,14.0,16.33,18.25,22.25,2.934625,1.6313801248302064,0.0,1.66,2.525,4.03,8.34
cy_9,37.144833333333324,3.7589039141812752,27.75,34.0,36.33,40.5,44.67,2.4190625,1.6431745829561357,0.0,1.25,1.88,3.3675,10.76,14.998479166666668,3.2895371522410652,0.0,13.0,15.0,17.25,24.75,2.849624999999999,1.7151848732044337,0.0,1.58,2.5,3.9,9.0,16.773520833333336,2.6892905793209434,0.0,15.0,17.0,18.75,23.0,2.8224374999999995,1.6371826761493382,0.0,1.58,2.59,3.74,8.75
cy_10,36.81952083333333,3.9004593674626125,27.0,33.75,36.0,40.25,45.0,2.6001458333333343,1.821403878124711,0.0,1.3,2.12,3.87,10.47,15.302625,3.5049325494806864,5.67,12.75,15.0,17.67,25.0,2.937020833333332,1.661464152814942,0.0,1.7,2.62,3.87,10.61,17.296270833333335,2.781030442687726,8.67,15.5,17.415,19.27,24.67,2.8875624999999974,1.7230941776775113,0.0,1.56,2.525,3.77,8.99
cy_11,36.54166666666667,4.018922431286609,27.0,33.25,36.0,39.8125,44.33,2.8479583333333305,1.8923969398096614,0.0,1.3,2.45,4.15,10.43,16.1560625,3.439020184452396,6.0,14.0,16.0,18.05,27.67,3.0554583333333287,1.7423892956370137,0.0,1.7975,2.87,4.03,9.63,17.062624999999997,3.0881407924963127,7.67,15.0,16.75,19.5,24.5,3.225458333333331,1.7697578353421826,0.0,1.885,2.87,4.262499999999999,9.18
cy_12,35.75235416666666,4.614801691849544,18.5,33.0,36.0,39.33,44.25,3.3281041666666638,2.140576071562381,0.0,1.775,2.83,4.33,12.6,16.05502083333333,3.4461458305126986,5.0,13.73,16.0,18.33,27.0,2.871124999999999,1.7048196400848994,0.0,1.5,2.6500000000000004,3.7800000000000002,9.46,16.001270833333333,3.120056649555187,4.0,14.0,16.25,18.0625,24.33,3.0696666666666643,1.748325621096779,0.0,1.7975,2.77,4.06,9.39
cy_13,35.879875,4.614877591298847,19.0,33.0,36.0,39.5,43.75,3.4143124999999954,2.2379554553884025,0.0,1.6549999999999998,2.92,4.845000000000001,11.2,16.690375,3.0093633741269152,7.67,14.75,17.0,18.69,26.5,3.1283541666666657,1.7794697902547743,0.0,1.7225,2.87,4.3225,8.87,17.0783125,3.537634624016105,0.0,14.75,17.0,19.69,26.5,3.093020833333329,1.626034098325704,0.0,1.89,2.9299999999999997,4.06,8.5
cy_14,36.24408333333334,3.822015775208542,23.33,33.457499999999996,36.75,39.25,43.5,2.736020833333332,2.092001618548048,0.0,1.22,2.17,3.74,9.71,18.43570833333333,4.021628986615336,7.0,15.67,18.33,21.0,28.5,3.1297916666666663,1.8104992905086974,0.0,1.775,2.895,4.24,9.78,18.497145833333335,3.6177017208018154,7.67,15.75,18.5,21.0,27.0,3.5304999999999986,1.9636853852579268,0.0,2.17,3.11,4.617500000000001,11.15
cy_15,37.17704166666666,3.5813010660968514,24.25,34.5,36.25,40.25,45.0,2.3742083333333324,1.6017992878617135,0.0,1.3,1.92,3.13,8.58,16.531083333333335,3.430906450846584,5.5,14.25,16.67,19.0,26.75,2.910604166666665,1.6001370797174124,0.0,1.64,2.62,3.9175,8.05,19.607250000000004,2.890347253230807,7.0,17.95,20.0,21.75,25.5,2.921729166666664,1.852599969997402,0.0,1.5,2.5,3.9,9.34
ly_1,27.716375000000003,1.4422534360867243,23.5,27.0,27.5,29.0,30.0,0.363687500000001,0.3948170822604771,0.0,0.0,0.43,0.5,1.79,6.078562500000004,3.4689942193363685,0.0,3.5,6.25,8.33,13.25,0.8710208333333349,0.7773999808682783,0.0,0.43,0.82,1.2625,5.02,8.337437500000002,4.07451121551468,0.0,5.5,8.75,10.75,21.0,0.7342708333333342,0.6136882318503594,0.0,0.43,0.71,1.0,4.5
ly_2,44.182937499999994,7.4956151633252155,24.75,48.0,48.0,48.0,48.33,0.10187499999999997,0.3467556535927546,0.0,0.0,0.0,0.0,3.11,6.679958333333333,1.9364916726545076,1.0,5.67,6.25,7.5,16.5,0.5841041666666685,0.7499453213076812,0.0,0.0,0.43,0.71,5.91,4.376291666666665,3.274539218940782,0.0,2.0,3.33,5.5425,12.75,0.692770833333335,0.6757805581857542,0.0,0.3225,0.5,0.94,3.91
ly_3,48.00416666666667,0.03203816443735438,48.0,48.0,48.0,48.0,48.25,0.0071666666666666675,0.055105642832249564,0.0,0.0,0.0,0.0,0.43,4.9005625,2.566428982167924,0.0,3.0,5.5,6.25,13.0,0.3973125000000009,0.4471268358744318,0.0,0.0,0.43,0.5,2.86,7.624895833333335,3.268502301669072,0.0,4.67,9.0,10.0,12.0,0.6412291666666677,0.38837215754894294,0.0,0.45999999999999996,0.5,0.83,2.5
ly_4,42.7060625,3.5374762060546647,34.0,40.25,40.5,48.0,51.0,0.519812500000001,0.48408595642157676,0.0,0.0,0.5,0.83,4.85,10.909958333333334,3.2084105935622538,0.0,9.0,12.0,12.0,23.0,0.33206250000000054,0.5996948739199327,0.0,0.0,0.0,0.47,5.72,4.3039791666666645,4.253807455695276,0.0,1.0,2.25,8.0,22.25,0.5493125000000003,0.6484026834667878,0.0,0.0,0.47,0.83,4.97
ly_5,39.66783333333331,0.28015782409603934,39.0,39.5,39.5,39.75,41.0,0.5836041666666673,0.19458464297354228,0.0,0.5,0.5,0.71,1.0,10.834208333333333,2.4695076124497195,0.0,10.25,12.0,12.0,15.0,0.3474375000000007,0.40914480830743444,0.0,0.0,0.43,0.5,2.49,5.779479166666667,4.097351446021736,0.0,1.6275,5.75,9.33,14.5,0.6359375000000005,0.608399416459128,0.0,0.0,0.5,0.83,3.49
ly_6,39.506187499999996,1.81749840875149,0.0,39.5,39.5,39.67,40.67,0.49647916666666647,0.1455459077270438,0.0,0.47,0.5,0.5,1.0,6.550083333333335,2.6070814102116424,0.0,4.5,7.0,8.75,13.25,0.8238541666666684,0.7601938685150689,0.0,0.43,0.5,1.12,4.03,11.765624999999998,2.336680287316966,0.0,11.33,12.0,13.0,16.25,0.622916666666668,0.4988887791060089,0.0,0.43,0.5,0.87,3.19
ly_7,39.433791666666686,0.20855752307566022,39.0,39.33,39.5,39.5,40.0,0.4221041666666674,0.16037908375010534,0.0,0.43,0.47,0.5,1.0,5.841145833333331,3.4978582978443953,0.0,3.0,6.0,8.75,12.2,0.3990208333333342,0.4386667021289795,0.0,0.0,0.43,0.5,3.27,10.897458333333335,3.3216216765210613,0.0,9.0,11.5,12.33,18.0,0.5827083333333345,0.43844163006998704,0.0,0.43,0.5,0.83,4.06
ly_8,39.34710416666667,0.23140523246243888,39.0,39.25,39.33,39.5,40.0,0.3663958333333341,0.19581458141761338,0.0,0.43,0.47,0.5,0.5,4.382208333333332,2.456798950637854,0.0,2.5,4.5,6.0,11.33,0.5029166666666677,0.5046723583506716,0.0,0.0,0.47,0.71,3.54,16.212312500000003,2.223355216758035,7.0,15.75,16.75,17.67,18.67,0.5884583333333343,0.4234347553014702,0.0,0.43,0.5,0.83,3.5
ly_9,47.32512499999999,5.961280283196093,39.0,42.0,42.67,54.0,56.25,0.2743125000000004,0.5627289107405945,0.0,0.0,0.0,0.47,8.49,9.5319375,3.987097588185423,0.0,6.0,10.75,12.75,18.25,0.7857291666666679,0.8116360764841972,0.0,0.43,0.5,1.0,5.72,14.299125,4.142132425235064,0.0,11.75,14.0,18.0,21.0,0.7661666666666685,0.7239530582982194,0.0,0.43,0.5,1.0,5.72
ly_10,27.716375000000003,1.4422534360867243,23.5,27.0,27.5,29.0,30.0,0.363687500000001,0.3948170822604771,0.0,0.0,0.43,0.5,1.79,6.07810416666667,3.4686550415196753,0.0,3.5,6.25,8.33,13.25,0.8700416666666683,0.7774195836973832,0.0,0.43,0.82,1.2625,5.02,8.337020833333336,4.074453545027606,0.0,5.5,8.75,10.75,21.0,0.7353958333333342,0.6128337355731223,0.0,0.43,0.71,1.0,4.5
ly_11,48.00416666666667,0.03203816443735438,48.0,48.0,48.0,48.0,48.25,0.0071666666666666675,0.055105642832249564,0.0,0.0,0.0,0.0,0.43,4.9005625,2.566428982167924,0.0,3.0,5.5,6.25,13.0,0.3973125000000009,0.4471268358744318,0.0,0.0,0.43,0.5,2.86,7.624895833333335,3.268502301669072,0.0,4.67,9.0,10.0,12.0,0.6412291666666677,0.38837215754894294,0.0,0.45999999999999996,0.5,0.83,2.5
ly_12,39.66783333333331,0.28015782409603934,39.0,39.5,39.5,39.75,41.0,0.5836041666666673,0.19458464297354228,0.0,0.5,0.5,0.71,1.0,10.834208333333333,2.4695076124497195,0.0,10.25,12.0,12.0,15.0,0.3474375000000007,0.40914480830743444,0.0,0.0,0.43,0.5,2.49,5.779479166666667,4.097351446021736,0.0,1.6275,5.75,9.33,14.5,0.6359375000000005,0.608399416459128,0.0,0.0,0.5,0.83,3.49
ly_13,39.433791666666686,0.20855752307566022,39.0,39.33,39.5,39.5,40.0,0.4221041666666674,0.16037908375010534,0.0,0.43,0.47,0.5,1.0,5.841145833333331,3.4978582978443953,0.0,3.0,6.0,8.75,12.2,0.3990208333333342,0.4386667021289795,0.0,0.0,0.43,0.5,3.27,10.897458333333335,3.3216216765210613,0.0,9.0,11.5,12.33,18.0,0.5827083333333345,0.43844163006998704,0.0,0.43,0.5,0.83,4.06
ly_14,47.32512499999999,5.961280283196093,39.0,42.0,42.67,54.0,56.25,0.2743125000000004,0.5627289107405945,0.0,0.0,0.0,0.47,8.49,9.5319375,3.987097588185423,0.0,6.0,10.75,12.75,18.25,0.7857291666666679,0.8116360764841972,0.0,0.43,0.5,1.0,5.72,14.299125,4.142132425235064,0.0,11.75,14.0,18.0,21.0,0.7661666666666685,0.7239530582982194,0.0,0.43,0.5,1.0,5.72
ly_15,27.716375000000003,1.4422534360867243,23.5,27.0,27.5,29.0,30.0,0.363687500000001,0.3948170822604771,0.0,0.0,0.43,0.5,1.79,6.078562500000004,3.4689942193363685,0.0,3.5,6.25,8.33,13.25,0.8710208333333349,0.7773999808682783,0.0,0.43,0.82,1.2625,5.02,8.337437500000002,4.07451121551468,0.0,5.5,8.75,10.75,21.0,0.7342708333333342,0.6136882318503594,0.0,0.43,0.71,1.0,4.5
sit_1,42.36356250000002,2.0682469698864967,33.25,42.0,43.0,43.5,48.0,0.49256250000000085,0.4035809131969309,0.0,0.43,0.5,0.5,4.44,17.119291666666665,3.1410104883003944,3.0,15.0,18.0,19.33,22.5,0.6418541666666686,0.7609581502647951,0.0,0.0,0.44999999999999996,0.87,5.36,13.381770833333333,4.956821325297295,1.0,10.1875,13.125,17.69,28.0,1.034020833333335,0.9856273394009873,0.0,0.47,0.83,1.25,6.02
sit_2,45.917666666666676,1.0890266733820209,37.0,45.0,45.635000000000005,46.5,50.75,0.324541666666667,0.3658196367214267,0.0,0.0,0.43,0.5,4.87,16.87154166666667,5.359859091089965,0.0,15.0,18.75,21.0,24.0,0.696375000000002,0.8572306877283934,0.0,0.0,0.47,0.87,8.5,18.442791666666665,3.585510815238668,2.0,16.5,19.33,21.0,24.0,0.9046041666666687,0.8961713096649145,0.0,0.43,0.71,1.12,7.22
sit_3,45.23966666666667,0.429915141082129,44.5,45.0,45.0,45.33,46.75,0.17295833333333344,0.2511759365039502,0.0,0.0,0.0,0.43,1.0,12.8133125,4.191912990022405,2.0,10.0,13.0,15.25,23.75,1.1086875000000023,1.0152709492887735,0.0,0.43,0.83,1.48,6.36,19.330666666666666,2.945840061402272,4.75,17.6275,20.0,21.0,26.75,0.8372500000000016,0.835344452849275,0.0,0.43,0.71,1.12,8.2
sit_4,44.753958333333344,0.5203088033753298,42.5,44.75,45.0,45.0,46.0,0.15391666666666676,0.2588154994772511,0.0,0.0,0.0,0.43,1.12,18.579604166666666,4.128090143816291,3.67,17.0,19.25,21.0,27.25,0.6253125000000018,0.6756578069387218,0.0,0.43,0.47,0.83,5.17,19.265083333333333,4.127514529769534,4.33,17.5,19.0,21.69,30.75,0.7640833333333347,0.6520908985823358,0.0,0.43,0.7,1.0,4.3
sit_5,36.5600625,5.915081410791782,25.5,30.0,36.5,42.5,45.75,0.4221666666666675,0.7729921079070423,0.0,0.0,0.0,0.82,12.19,14.894833333333334,5.459764803079049,1.0,11.0,15.33,20.27,24.0,0.7405208333333354,0.8328558030710442,0.0,0.0,0.495,0.94,5.12,17.149729166666667,2.8635995949999087,5.5,15.5,18.0,19.0,27.0,0.854833333333335,0.7176026934236693,0.0,0.43,0.83,1.145,6.26
sit_6,32.90597916666666,3.5057757115733073,27.0,30.0,30.25,37.0,38.67,0.4567500000000006,0.5387833855404663,0.0,0.0,0.0,1.0,2.49,16.305916666666665,5.164882745207937,2.5,12.0,18.5,21.0,23.75,0.6647916666666684,0.7681137310952126,0.0,0.0,0.47,0.87,5.12,18.087229166666667,3.736306722195168,2.0,16.5,19.25,20.75,23.5,0.7913541666666682,0.7557388230515628,0.0,0.43,0.71,1.0,5.12
sit_7,38.888374999999996,3.6429012195511334,27.5,36.25,36.75,42.0,50.75,0.3834375000000005,0.48893738498963224,0.0,0.0,0.43,0.5,6.06,14.854166666666666,3.926922296093297,1.5,12.0,15.0,18.0,23.25,0.6542708333333354,0.7082970031413471,0.0,0.0,0.47,0.87,6.02,16.522020833333332,4.97853000828622,0.0,14.0,17.75,20.75,23.75,0.8402083333333347,0.7506361660569144,0.0,0.43,0.82,1.09,5.17
sit_8,42.821983298538626,0.8918180104355456,42.0,42.0,42.5,43.5,45.0,0.3356784968684767,0.26035682984371905,0.0,0.0,0.43,0.5,1.12,17.19970772442589,3.898005862641981,0.0,16.0,18.0,20.0,23.0,0.5311899791231749,0.7639262457991036,0.0,0.0,0.43,0.71,5.45,16.025657620041752,4.112285493852429,1.0,13.25,17.0,19.0,23.0,0.8560125260960343,0.7648005235660815,0.0,0.43,0.82,1.09,6.36
sit_9,43.19085416666667,1.2303450555530067,41.75,42.0,42.5,44.5,46.5,0.2662708333333335,0.2715878646954358,0.0,0.0,0.43,0.5,1.5,14.8583125,4.727836222945086,0.0,12.25,15.0,18.424999999999997,21.67,0.5102083333333345,0.5426971595913612,0.0,0.0,0.47,0.72,4.64,16.043166666666668,3.027168967114781,5.67,14.0,16.0,18.33,22.0,0.8062291666666684,0.6454761068974632,0.0,0.43,0.82,1.09,5.45
sit_10,40.21927083333332,2.741217231412845,35.25,37.75,39.25,42.5,48.5,0.617479166666668,0.48541665763198905,0.0,0.43,0.5,1.0,3.28,14.851229166666666,4.929223743295169,0.0,11.9375,16.0,18.25,23.5,0.8722291666666684,0.9888646352198296,0.0,0.0,0.495,1.22,5.12,15.167270833333333,5.31375265468192,0.0,11.67,15.25,19.75,27.33,1.057729166666668,1.025925342068449,0.0,0.47,0.83,1.3,6.36
sit_11,43.88483333333333,3.1988938545741465,28.5,42.0,45.25,46.5,48.25,0.5173541666666679,0.3940643626405087,0.0,0.43,0.5,0.71,3.28,14.997374999999996,5.621780728978862,0.0,11.1875,15.0,18.75,24.25,1.0476875000000019,1.0970281863275329,0.0,0.43,0.82,1.48,6.98,14.92054166666667,5.258598497803336,1.5,10.5,15.875,19.25,25.0,1.354916666666669,1.150883110739724,0.0,0.5,1.09,1.7,7.0
sit_12,42.11158333333333,1.1222446161275543,39.5,41.5,42.0,42.0,45.0,0.3419375000000001,0.2958046883031582,0.0,0.0,0.47,0.5,1.09,11.442250000000001,4.5396651697963515,0.0,9.0,12.0,14.75,21.8,0.8893958333333353,1.0721678474442569,0.0,0.43,0.5,0.955,7.31,12.97391666666667,4.847545283427295,1.0,9.0,13.29,17.25,23.0,0.9611666666666686,0.8827844856791934,0.0,0.47,0.82,1.22,6.36
sit_13,42.28266666666666,1.3561489029244784,39.67,41.5,41.5,44.33,44.75,0.4983541666666669,0.14798436829700853,0.0,0.47,0.5,0.5,1.0,9.469541666666666,5.313779640636361,0.0,5.0,10.0,14.0,22.75,0.8996458333333345,0.8361940817552831,0.0,0.43,0.82,1.25,5.68,12.537187499999998,6.0397968801176845,0.0,8.5,12.0,18.25,23.25,0.8690000000000008,0.7942125207925874,0.0,0.47,0.82,1.0,7.85
sit_14,42.36018749999998,1.0173715397767942,40.0,41.5,42.0,43.25,44.67,0.4825000000000015,0.24638852832336394,0.0,0.43,0.5,0.5,1.0,12.884541666666669,4.01288386951872,2.0,11.4575,12.75,15.0,23.5,0.6200625000000008,0.7479470833617813,0.0,0.0,0.47,0.83,5.93,15.260437500000002,6.46678554283702,2.5,9.75,13.25,22.0,26.67,0.7198125000000014,0.6085464442351377,0.0,0.43,0.5,0.83,4.64
sit_15,42.728854166666686,2.046361744138614,29.25,41.33,43.25,44.5,46.0,0.5553333333333339,0.3825438058523024,0.0,0.47,0.5,0.5,4.72,15.823645833333336,4.879742951534587,0.0,12.4575,16.5,20.0,24.0,0.7582708333333349,0.9077148632976645,0.0,0.0,0.47,1.0,6.12,16.408937499999997,4.293969300678219,2.0,13.73,17.67,19.0,24.0,0.892083333333335,0.8511749421741147,0.0,0.43,0.71,1.22,5.1
stand_1,44.33472916666665,2.476939557516521,33.33,42.25,45.0,46.5,48.0,0.43295833333333456,0.3705905662319225,0.0,0.0,0.47,0.5,3.9,11.646145833333332,3.6985188509169413,0.0,9.75,12.25,14.5,18.75,0.8430625000000015,0.8888062860036854,0.0,0.43,0.5,1.22,5.79,13.443708333333332,5.401794451550232,0.0,9.33,14.75,17.75,23.0,0.9330000000000013,0.673608795979444,0.0,0.47,0.83,1.25,5.02
stand_2,43.17493750000001,1.9890520807162566,35.5,42.5,43.67,44.5,46.25,0.5065833333333346,0.3074129259294917,0.0,0.43,0.5,0.5,2.12,12.771333333333333,3.2894886514518635,1.0,11.25,13.0,15.0,20.67,0.686687500000001,0.7653373089711031,0.0,0.0,0.485,0.87,6.56,14.2855,2.983975742483975,2.0,12.75,14.67,16.5,21.25,0.9119791666666676,0.6661612520713798,0.0,0.47,0.83,1.22,5.72
stand_3,42.76056250000001,3.3989188223628624,32.75,41.33,44.5,45.3725,47.0,0.48616666666666775,0.4465108214916141,0.0,0.0,0.47,0.5,3.34,15.036833333333336,3.121791542628973,1.5,14.0,15.25,17.0,21.0,0.588875000000002,0.7009992755648043,0.0,0.0,0.43,0.71,5.85,15.5508125,4.296574297677081,1.33,13.0,16.585,18.565,21.33,0.8422708333333345,0.7221653602176303,0.0,0.43,0.71,1.09,5.73
stand_4,42.648520833333336,2.3953380477130586,30.0,41.5,42.75,45.0,46.67,0.40283333333333415,0.41371867910682253,0.0,0.0,0.43,0.5,2.95,18.129291666666667,2.8504219953361583,3.0,18.0,18.5,19.75,21.25,0.4679791666666678,0.6872129726010735,0.0,0.0,0.43,0.5,7.5,12.060416666666667,3.1416794428525505,1.0,10.6275,12.29,14.25,20.75,0.9173541666666678,0.7096377090191418,0.0,0.47,0.83,1.12,4.64
stand_5,43.72002083333333,2.384104590166105,36.0,43.0,45.0,45.0,47.5,0.36670833333333397,0.37411663294383635,0.0,0.0,0.43,0.5,1.92,17.010270833333337,2.712218570025307,6.67,15.5,17.75,18.75,21.0,0.5443333333333347,0.743740176569456,0.0,0.0,0.43,0.71,6.02,13.198270833333336,3.289138342023333,1.0,11.31,13.75,15.5425,20.25,1.0396875000000017,0.9166573262160925,0.0,0.47,0.83,1.22,6.18
stand_6,44.47114583333334,1.772553369694926,34.5,45.0,45.0,45.25,47.75,0.2904791666666669,0.39291424901716704,0.0,0.0,0.0,0.5,2.18,17.948541666666664,2.5137962455263287,5.0,18.0,18.5,19.33,21.33,0.5662500000000019,0.7009811942238748,0.0,0.0,0.43,0.71,5.54,13.210083333333333,2.6123897811819674,1.0,12.0,13.0,14.8125,19.67,0.9273750000000016,0.7564358417422024,0.0,0.47,0.83,1.22,4.32
stand_7,46.224937499999996,1.7483150242620928,35.5,45.25,46.0,48.0,48.0,0.31235416666666704,0.4645410777597997,0.0,0.0,0.0,0.5,4.5,15.031687499999999,4.313437888240632,0.0,11.75,15.585,18.5,21.0,0.5985000000000014,0.6792328350859325,0.0,0.0,0.47,0.83,5.12,13.394020833333334,2.931580526558781,2.5,12.0,13.5,15.25,21.0,0.8825833333333348,0.6684234976152706,0.0,0.47,0.83,1.12,6.0
stand_8,46.93220833333336,1.8326652501011522,29.75,47.2375,47.5,47.75,48.0,0.4296666666666676,0.3672670229001663,0.0,0.43,0.5,0.5,4.6,16.847854166666664,2.6175134775986426,6.5,16.33,18.0,18.25,21.0,0.5354375000000019,0.7133231181061205,0.0,0.0,0.43,0.71,6.52,13.281875000000001,3.1348217053314396,2.67,11.67,13.67,15.5,21.25,0.9911250000000008,0.8553291037857189,0.0,0.47,0.83,1.22,6.58
stand_9,45.399625,1.3281210395986627,36.33,45.0,45.5,46.33,47.67,0.46014583333333386,0.26988859447423585,0.0,0.43,0.5,0.5,1.66,17.67139583333333,1.7458011451468247,1.5,17.4575,18.0,18.33,21.25,0.44131250000000133,0.4781660186465671,0.0,0.0,0.43,0.5,4.11,12.428541666666664,3.374095155644823,1.0,11.25,13.125,14.5,19.75,0.795104166666668,0.503006814581037,0.0,0.47,0.82,1.0,4.5
stand_10,42.41991666666667,2.5201292328042997,36.0,41.33,42.67,44.61750000000001,45.8,0.46056250000000126,0.3874049095394651,0.0,0.0,0.47,0.505,2.12,16.320541666666667,2.4667567049197476,6.33,15.0,16.75,18.0,24.0,0.7498958333333351,0.6676314266893602,0.0,0.43,0.5,1.0375,5.59,10.06775,3.722074076099902,2.0,7.6274999999999995,9.75,12.0,22.0,1.226270833333335,0.8919877930482647,0.0,0.5,1.09,1.585,6.65
stand_11,42.51695833333335,2.1957505739066567,37.0,41.0,42.5,44.5,48.25,0.440687500000001,0.34943041373021005,0.0,0.0,0.47,0.5,2.12,13.218729166666668,4.73534877561357,1.0,9.73,13.5,17.5,21.75,0.7999375000000015,0.8677683543167792,0.0,0.43,0.5,1.02,5.61,14.63975,3.623556589744585,1.0,12.6275,15.0,17.5,21.0,0.9774166666666684,0.8532795588593195,0.0,0.47,0.83,1.22,6.85
stand_12,42.95935416666665,1.500878170073181,36.25,42.0,42.67,44.33,45.5,0.35287500000000005,0.31358534280699785,0.0,0.0,0.47,0.5,2.6,11.780437499999998,3.0217463767146127,0.0,11.0,12.0,13.33,22.0,0.564187500000001,0.638179304659447,0.0,0.0,0.47,0.83,4.72,14.946020833333334,2.702604674127767,0.0,14.0,15.25,16.69,20.25,0.7484791666666684,0.4611517527043232,0.0,0.43,0.82,0.95,4.0
stand_13,42.67458333333335,2.384169571190206,36.0,40.0,43.67,44.75,47.33,0.4191666666666671,0.3683832154952147,0.0,0.0,0.47,0.5,2.17,12.110708333333337,3.556719876822628,0.0,11.6275,12.67,14.33,21.0,0.5675000000000014,0.7183642402210667,0.0,0.0,0.43,0.82,5.56,14.247458333333332,3.261616944432007,0.0,12.75,14.5,16.5,19.67,0.7020416666666681,0.5674508047371138,0.0,0.43,0.5,0.94,3.77
stand_14,43.187520833333345,2.4911617255369323,36.25,39.75,44.75,45.0,45.75,0.2712708333333336,0.32880731135317515,0.0,0.0,0.0,0.5,2.83,12.72810416666667,3.8598865210940723,0.0,10.67,12.71,15.0625,22.75,0.6427083333333345,0.6772732989226288,0.0,0.0,0.47,0.87,3.74,18.201437499999997,3.5660382829901818,2.0,16.5,18.25,21.0,24.0,0.645458333333335,0.5674189800196753,0.0,0.43,0.5,0.83,3.83
stand_15,44.441187499999984,2.417796501572595,36.0,44.6275,45.0,45.75,47.33,0.3466041666666672,0.3581131391639973,0.0,0.0,0.43,0.5,4.5,13.356270833333333,2.9550207883685564,3.0,12.0,13.5,15.5,21.0,0.6455833333333353,0.7182026927432162,0.0,0.0,0.47,0.83,5.54,12.611541666666662,3.414454372537926,1.0,11.0,12.75,14.67,21.0,1.1550833333333352,0.8420873219323645,0.0,0.5,0.94,1.5,5.91
wa_1,34.22777083333333,4.889576385883091,19.33,30.5,35.5,37.75,43.5,3.9957291666666634,2.271101902456072,0.0,2.375,3.63,5.342499999999999,14.5,15.713083333333334,2.8396949307857704,5.5,14.0,15.75,17.67,23.5,3.3038125000000007,1.667284694606942,0.0,2.05,3.2,4.44,8.86,16.621166666666667,3.0920937453436044,6.75,14.75,16.67,18.67,26.0,3.3941249999999963,1.7920898056759078,0.0,2.105,3.0999999999999996,4.425,9.74
wa_2,33.509729166666666,4.850923219878878,12.5,30.5,34.125,36.75,45.0,4.450770833333329,2.3386846644853803,0.0,2.74,4.085,5.89,13.05,15.557770833333336,2.9124042951263975,5.75,13.6275,15.635,17.5,23.75,3.350854166666666,1.6643779517171409,0.0,2.1675,3.11,4.44,9.1,16.541375,3.1335643703040863,7.25,14.6275,16.75,18.75,25.0,3.378479166666664,1.7873598108693112,0.0,2.06,3.085,4.44,8.96
wa_3,34.660583333333335,5.315110070930795,15.0,31.0,35.0,38.25,46.75,4.200895833333332,2.480206114234238,0.0,2.3425000000000002,3.9,5.672499999999999,13.44,15.223187500000002,3.1010173504475302,5.0,13.25,15.25,17.33,25.25,3.1113124999999995,1.6887446840113582,0.0,1.8,2.87,4.09,8.58,16.25104166666667,3.155015121326172,7.0,14.25,16.33,18.5,24.5,3.244395833333331,1.6309832995997882,0.0,2.12,3.0,4.24,8.99
wa_4,35.19333333333332,4.751867947550034,18.0,32.0,36.0,38.75,46.0,4.321020833333333,2.6255161138080427,0.0,2.4800000000000004,3.88,5.87,16.2,15.462229166666669,3.1142221119923126,5.67,13.33,15.67,17.5,24.5,3.0728541666666658,1.5087137229064196,0.0,1.9124999999999999,2.86,4.09,8.76,16.101208333333336,3.207642198601944,6.25,14.25,16.33,18.5,23.5,3.2419583333333315,1.7691824652470165,0.0,1.885,3.0149999999999997,4.44,8.5
wa_5,34.76333333333333,4.74220808365667,20.75,31.67,35.29,38.25,46.25,4.223791666666666,2.2780044279205445,0.0,2.49,3.9,5.7225,12.68,15.239020833333335,2.9208286065846374,5.0,13.5,15.33,17.25,23.75,3.2070624999999984,1.5904718632064376,0.0,2.05,3.0,4.195,9.2,16.2995625,3.1746807602150713,6.0,14.25,16.25,18.33,25.5,3.2882708333333333,1.6475277010299703,0.0,2.05,3.27,4.305,9.39
wa_6,34.935812500000004,4.6459444867043596,21.5,32.0,35.5,38.0625,51.0,4.115749999999996,2.3352426212727377,0.0,2.35,3.8449999999999998,5.625,12.21,15.524520833333332,2.900248239966241,6.5,13.33,15.5,17.67,23.33,3.0927916666666633,1.5034457702438166,0.0,2.0575,2.87,3.84,9.09,15.997229166666665,3.19205780277653,6.33,14.2375,16.25,18.25,25.0,3.280020833333331,1.7009176571462197,0.0,2.12,3.0149999999999997,4.5,10.21
wa_7,34.33304166666667,4.948769856038023,18.33,31.25,34.75,38.0,47.67,4.396958333333325,2.568679977144409,0.0,2.49,3.9,5.744999999999999,12.48,15.562895833333332,2.9677409200715883,7.67,13.67,15.5,17.5,23.33,3.198312499999997,1.6762705480191968,0.0,2.05,2.9299999999999997,4.245,9.01,15.864437500000001,3.000492669401746,6.67,13.75,16.0,18.0,24.0,3.261583333333332,1.6172896711183782,0.0,2.05,2.98,4.32,8.01
wa_8,34.599875,4.7317896600826534,18.33,31.5,35.125,38.0,45.75,4.398833333333333,2.5385209091914573,0.0,2.55,4.025,5.7675,15.37,15.173666666666668,3.036746262631229,5.5,13.0,15.0,17.3725,24.0,3.1454999999999993,1.5913463004691033,0.0,2.0374999999999996,3.0149999999999997,4.157500000000001,9.18,16.0555625,2.905687766232461,6.5,14.0,16.0,18.25,23.25,3.2895416666666626,1.680169553009909,0.0,2.12,3.0149999999999997,4.26,8.86
wa_9,34.225874999999995,4.441797589923912,15.5,31.25,34.75,37.25,43.67,4.354499999999998,2.518990618670896,0.0,2.49,3.9,5.765000000000001,17.24,15.606479166666665,2.81227370689409,7.67,13.75,15.5,17.5,23.0,3.365375,1.730792433484713,0.0,2.12,3.03,4.44,9.2,16.148000000000003,2.992920135830092,5.75,14.33,16.25,18.25,24.0,3.4795416666666648,1.7611462503638058,0.0,2.24,3.27,4.5375,9.42
wa_10,34.25352083333334,4.9407411456641395,21.5,30.9375,35.0,37.75,51.25,4.457895833333329,2.3871923283448884,0.0,2.7275,4.15,5.89,13.55,15.246291666666671,2.960901092589454,6.5,13.25,15.25,17.25,24.0,3.279145833333333,1.7593786563301361,0.0,2.0374999999999996,3.0999999999999996,4.4025,9.5,15.716083333333335,3.116626982952863,7.0,13.75,15.75,18.0,24.25,3.500749999999996,1.69237756315898,0.0,2.18,3.285,4.557499999999999,8.32
wa_11,33.586875,4.650935459926406,19.5,30.25,34.25,37.0,45.33,4.576562499999992,2.461077139185377,0.0,2.87,4.26,6.1049999999999995,14.67,15.317854166666667,2.97044006418753,7.33,13.25,15.33,17.27,23.25,3.227229166666665,1.6474741942924103,0.0,2.05,3.0999999999999996,4.26,9.0,15.892145833333334,3.2839834287518306,6.33,13.73,16.0,18.25,25.0,3.259729166666664,1.6402432891439511,0.0,2.05,3.11,4.3225,8.32
wa_12,34.32275,4.752477031316844,19.75,31.0,35.25,38.0,45.5,4.456333333333331,2.599284126060265,0.0,2.49,3.9,5.97,13.47,15.209770833333332,2.7110223767669726,6.25,13.5,15.25,17.0,22.25,3.277229166666663,1.50004607778335,0.0,2.17,3.11,4.39,9.0,15.550458333333331,3.1198562340300238,6.25,13.5,15.75,17.75,23.25,3.4325624999999973,1.7327271926847894,0.0,2.1574999999999998,3.2,4.5649999999999995,9.67
wa_13,34.54622916666667,4.84229350816215,19.5,31.25,35.25,37.8125,46.0,4.371958333333327,2.3604484372641146,0.0,2.49,4.135,5.8,12.47,15.185729166666665,2.757603549781887,7.0,13.25,15.25,17.0,22.67,3.028687499999997,1.6651843692394845,0.0,1.79,2.86,4.11,8.34,15.759541666666667,2.8231240558264434,7.0,14.0,15.75,17.75,22.75,3.3381250000000007,1.6567423530609375,0.0,2.16,3.08,4.335,10.0
wa_14,34.87322916666667,4.531720097876091,23.5,31.75,35.25,38.25,46.25,4.380583333333324,2.435437414539569,0.0,2.5,3.925,5.9325,14.82,15.471187500000003,2.8130774324891115,6.67,13.5,15.5,17.25,24.25,3.2056875000000002,1.5193478528515143,0.0,2.0575,3.03,4.19,9.9,15.873895833333334,3.1310759103795056,5.5,13.75,16.0,18.0,23.5,3.4246458333333307,1.690959838972557,0.0,2.17,3.27,4.5,9.51
wa_15,34.4731875,4.796705424484575,19.25,31.25,35.0,38.0,44.0,4.359312499999996,2.3887464384554966,0.0,2.49,3.96,5.8999999999999995,13.86,15.424708333333331,2.8020658793852,6.0,13.67,15.5,17.33,22.75,3.1882708333333327,1.602504215121308,0.0,2.05,3.03,4.0375,9.1,15.704166666666667,3.1563199240206394,4.67,13.73,16.0,17.75,23.25,3.34045833333333,1.699114161421211,0.43,2.12,3.09,4.375,9.0
